english,translated_value
15+ years track record,15+ évnyi tapasztalat
"125,500 people already found a broker via this tool!","Már 125,500 ember talált brókert ezzel az eszközzel!"
Mutual funds are available,Befektetési alapok elérhetőek
Best futures brokers,Legjobb brókerek határidős ügyletekre
"Access to archived threads is only available to registered users. Without this, we can only keep them for you for 1 month.",A korábbi beszélgetésekhez való hozzáférés csak regisztrált felhasználók számára elérhető. Enélkül csak 1 hónapig tudjuk őket megőrizni neked.
across [dataPoints]+ criteria,[dataPoints]+ kritérium mentén
Alternatives to [brokerName],Alternatívák [brokerName] helyett
Available in [countryName],Elérhető [countryName]
Best forex brokers,Legjobb forex brókerek
Best stock trading apps,Legjobb részvénykereskedési appok
BrokerChooser Awards [year],BrokerChooser Díjak [year]
Broker is not available in [countryTheName],A bróker nem elérhető [countryTheName]
Calculate stock trade commission at various brokers.,Számítsd ki a részvénykereskedési jutalékot különböző brókereknél.
Check out the best brokers in [country],Nézd meg a legjobb brókereket [country]
Complete Find My Broker questionnaire,Töltsd ki a 'Find My Broker' kérdőívet
FX Fee Calculator,FX Díjkalkulátor
Scam brokers to avoid,Kerülendő csaló brókerek
[Broker name] [param name] fees are about half of the industry average.,[Broker name] [param name] díjai körülbelül a piaci átlag felét teszik ki.
[firstBrokerName] vs [secondBrokerName] compared,[firstBrokerName] vs [secondBrokerName] összehasonlítva
[number] available broker in [countryName],[number] elérhető bróker [countryName] területén
[number] people picked this broker at BrokerChooser in the last 6 months,[number] ember választotta ezt a brókert a BrokerChooser-nél az elmúlt 6 hónapban
[param name] fees are calculated as follows: [param description],[param name] díjai a következőképpen vannak kiszámítva: [param description]
[popularity] people chose this broker,[popularity] ember választotta ezt a brókert