english,translated_value,Google Translate
15+ years track record,15+ évnyi tapasztalat,15+ éves múlttal
"125,500 people already found a broker via this tool!","Már 125,500 ember talált brókert ezzel az eszközzel!","Már 125 500 ember talált brókert ezzel az eszközzel!"
Mutual funds are available,Befektetési alapok elérhetőek,Befektetési alapok állnak rendelkezésre
Best futures brokers,Legjobb brókerek határidős ügyletekre,Legjobb határidős brókerek
"Access to archived threads is only available to registered users. Without this, we can only keep them for you for 1 month.","A korábbi beszélgetésekhez való hozzáférés csak regisztrált felhasználók számára elérhető. Enélkül csak 1 hónapig tudjuk őket megőrizni neked.","Az archivált szálakhoz csak a regisztrált felhasználók férhetnek hozzá. E nélkül csak 1 hónapig tudjuk megőrizni azokat."
across [dataPoints]+ criteria,[dataPoints]+ kritérium mentén,[dataPoint]+ feltételek között
Alternatives to [brokerName],Alternatívák [brokerName] helyett,A [brokerName] alternatívái
Available in [countryName],Elérhető [countryName],Elérhető itt: [countryName]
Best forex brokers,Legjobb forex brókerek,A legjobb forex brókerek
Best stock trading apps,Legjobb részvénykereskedési appok,A legjobb tőzsdei alkalmazások
BrokerChooser Awards [year],BrokerChooser Díjak [year],BrokerChooser Awards [év]
Broker is not available in [countryTheName],A bróker nem elérhető [countryTheName],A bróker nem elérhető itt: [countryTheName]
Calculate stock trade commission at various brokers.,Számítsd ki a részvénykereskedési jutalékot különböző brókereknél.,Számolja ki a tőzsdei kereskedési jutalékot különböző brókereknél.
Check out the best brokers in [country],Nézd meg a legjobb brókereket [country],Nézze meg a legjobb brókereket itt: [ország]
Complete Find My Broker questionnaire,Töltsd ki a 'Find My Broker' kérdőívet,Töltse ki a Find My Broker kérdőívet
FX Fee Calculator,FX Díjkalkulátor,FX díjkalkulátor
Scam brokers to avoid,Kerülendő csaló brókerek,Átverés brókerek kerülni
[Broker name] [param name] fees are about half of the industry average.,[Broker name] [param name] díjai körülbelül a piaci átlag felét teszik ki.,A [bróker neve] [param name] díjai körülbelül a fele az iparági átlagnak.
[firstBrokerName] vs [secondBrokerName] compared,[firstBrokerName] vs [secondBrokerName] összehasonlítva,[firstBrokerName] és [secondBrokerName] összehasonlítása
[number] available broker in [countryName],[number] elérhető bróker [countryName] területén,[szám] elérhető közvetítő itt: [countryName]
[number] people picked this broker at BrokerChooser in the last 6 months,[number] ember választotta ezt a brókert a BrokerChooser-nél az elmúlt 6 hónapban,[szám] ember választotta ezt a brókert a BrokerChoosernél az elmúlt 6 hónapban
[param name] fees are calculated as follows: [param description],[param name] díjai a következőképpen vannak kiszámítva: [param description],[param name] díjak kiszámítása a következőképpen történik: [param description]
[popularity] people chose this broker,[popularity] ember választotta ezt a brókert,[népszerűség] az emberek ezt a brókert választották